{ "employees":
  {
    "id": 1,
    "firstname": "Lilly",
    "languages": [
      {
        "lang": "en",
        "knowledge": "proficient"
      },
      {
        "lang": "fr",
        "knowledge": "advanced"
      }
    ],
    "job": {
      "site": "www.uwf.edu",
      "name": "Java Code Fanatics"
    }
  }
  {
    "id": 2,
    "firstname": "George",
    "languages": [
      {
        "lang": "fr",
        "knowledge": "proficient"
      },
      {
        "lang": "sp",
        "knowledge": "advanced"
      }
    ],
    "job": {
      "site": "www.uwf.edu",
      "name": "Java Code Fanatics"
    }
  }
}


